slug,company_name,company_linkedin_url,company_status,company_website
asha-health,Asha Health,https://www.linkedin.com/company/asha-health-ai/,Active,https://asha.health/
apolink,Apolink,https://linkedin.com/company/apolinkHQ,Active,https://apolink.space
humanlayer,HumanLayer,https://www.linkedin.com/company/humanlayer-dev/,Active,https://humanlayer.dev/
loombotic,Loombotic,https://www.linkedin.com/company/loombotic,Active,https://www.loombotic.com/
roundabout-technologies,Roundabout Technologies,https://linkedin.com/company/roundabout-tech,Active,https://roundabout.tech
synth-3,Synth,https://www.linkedin.com/company/105503800,Active,https://www.usesynth.ai
careforce,Careforce,https://www.linkedin.com/company/104092972,Active,https://careforce.ai/
canvas,Canvas,https://www.linkedin.com/company/canvasai/,Active,https://www.canvas.inc/
ember,Ember,https://www.linkedin.com/company/embercopilot,Active,https://www.embercopilot.ai
relvy-ai,Relvy AI,https://www.linkedin.com/company/relvyai,Active,https://www.relvy.ai/
friday,Friday,https://www.linkedin.com/company/fridaymail/,Active,https://www.friday.so
sre-ai,SRE.ai,https://www.linkedin.com/company/sreai,Active,https://sre.ai/
ryvn,Ryvn,https://www.linkedin.com/company/ryvn/,Active,https://ryvn.ai/
melder,Melder,https://www.linkedin.com/company/melderai/,Active,https://melder.io
forerunner-ai,Forerunner AI,https://www.linkedin.com/company/tryforerunner/,Active,https://tryforerunner.com/
futureclinic,FutureClinic,https://www.linkedin.com/company/futureclinic,Active,https://www.futureclinic.com
struct-ai,Struct,https://www.linkedin.com/company/use-edgedive/,Active,https://struct.ai
surge,Surge,https://www.linkedin.com/company/surgeapi,Active,https://surge.app
sunset,Sunset,https://www.linkedin.com/company/sunset-estate-app/,Active,https://www.hellosunset.com/
archilabs,ArchiLabs,https://www.linkedin.com/company/archilabs-ai/,Active,https://archilabs.ai/
revi,Revi,https://www.linkedin.com/company/revi,Active,https://www.revi.ai/
metreecs,Metreecs,https://www.linkedin.com/company/metreecs/,Active,https://www.metreecs.com/
diffusion-studio,Diffusion Studio,https://www.linkedin.com/company/diffusionstudio/,Active,https://diffusion.studio/
kilvin,Kilvin,https://linkedin.com/company/kilvin-ai/,Active,https://www.kilvin.ai/
alex,Alex,https://www.linkedin.com/company/alex-sidebar/,Active,https://alexcodes.app/
innate,Innate,https://www.linkedin.com/company/innate-bot,Active,https://innate.bot/
capy,Capy,https://www.linkedin.com/company/capydotai,Active,https://capy.ai/
consus,Consus,https://www.linkedin.com/company/consusindustries,Active,https://www.consus.io
origami-2,Origami,https://www.linkedin.com/company/origamiagents/,Active,https://origami.chat/
fresco,Fresco,https://www.linkedin.com/company/104799979/admin/dashboard/,Active,https://fresco-ai.com/
permitportal,PermitPortal,https://www.linkedin.com/company/permitportal/,Active,https://permitportalapp.com/
gecko-security,Gecko Security,https://www.linkedin.com/company/geckosec,Active,https://gecko.security
curo,Curo,https://www.linkedin.com/company/curocharging/,Active,https://www.curocharging.com/
dexter,Dexter,https://www.linkedin.com/company/getdexter,Active,https://www.getdexter.co/
moonshine,Moonshine,https://www.linkedin.com/company/usemoonshine,Active,https://usemoonshine.com/
abundant,Abundant,https://www.linkedin.com/company/abundant-ai/,Active,https://www.abundant.ai/
crustdata,Crustdata,https://www.linkedin.com/company/crustdata,Active,https://crustdata.com
tiny,Tiny,https://www.linkedin.com/company/and-tiny,Active,https://andtiny.com/
vly-ai-2,vly.ai,https://linkedin.com/company/vly-ai,Active,https://vly.ai/
stewdio,Stewdio,https://www.linkedin.com/company/cekura,Active,https://www.stewdio.ai/
beglaubigtde,Beglaubigt.de,https://www.linkedin.com/company/beglaubigt/,Active,https://beglaubigt.de/en-us
unusual,Unusual,https://www.linkedin.com/company/104397499/,Active,https://unusual.ai/
hybrd,HYBRD,https://www.linkedin.com/company/hybrd-do-hard-things/,Active,https://www.hybrd.com/
freebuff,Freebuff,https://www.linkedin.com/company/codebuff,Active,https://freebuff.com
karmen,Karmen,https://www.linkedin.com/company/karmenai/,Active,https://www.karmenai.com/
lingodotdev,Lingo.dev,https://www.linkedin.com/company/lingodotdev/,Active,https://lingo.dev/
sphinx,Sphinx,https://www.linkedin.com/company/sphinx-hq,Active,https://sphinxhq.com/
luthor,Luthor,https://www.linkedin.com/company/luthor,Active,https://luthor.ai
keye,Keye,https://www.linkedin.com/company/keye,Active,https://www.keye.co/
riskcube,RiskCube,https://www.linkedin.com/company/riskcube,Active,https://riskcube.com
ctgt,CTGT,https://www.linkedin.com/company/ctgt/,Active,https://www.ctgt.ai/
revisiondojo,RevisionDojo,https://www.linkedin.com/company/revision-dojo/,Active,https://revisiondojo.com/
issen,ISSEN,https://www.linkedin.com/company/105774803/,Active,https://issen.com/
attimet,attimet,https://www.linkedin.com/company/attimet/,Active,https://attimet.com/
smooth,Smooth,https://www.linkedin.com/company/circlemindai,Active,https://smooth.sh/
reticular,Reticular,https://www.linkedin.com/company/reticular-yc-f24/,Active,https://reticular.ai
astrix-health,Matcha,https://www.linkedin.com/company/matcha-health,Active,https://www.matcha-health.com
endstack,Endstack,https://www.linkedin.com/company/endstack-com,Active,https://www.endstack.com
cekura-ai,Cekura,https://www.linkedin.com/company/104795138,Active,https://www.cekura.ai/
archil,Archil,https://www.linkedin.com/company/archil,Active,https://archil.com/
sandra-ai,Sandra AI,https://www.linkedin.com/company/sandra-ai/,Active,https://www.sandra-ai.com/
vespper,Vespper,https://www.linkedin.com/company/vespper,Active,https://vespper.com/?utm_source=ycombinator.com
revyl,Revyl,https://www.linkedin.com/company/revylai/,Active,https://www.revyl.com/
raycaster,Raycaster,https://www.linkedin.com/company/raycasterai,Active,https://raycaster.ai/
lightscreen-ai,Lightscreen AI,https://www.linkedin.com/company/103745353,Active,https://lightscreen.ai
afternoon-co,Afternoon.co,https://www.linkedin.com/company/afternoon-co,Active,https://afternoon.co
rulebase,Rulebase,https://www.linkedin.com/company/rulebasehq/,Active,https://rulebase.co
healthspark,HealthSpark,https://www.linkedin.com/company/health-spark,Active,https://www.joinhealthspark.com
openfunnel,OpenFunnel,https://www.linkedin.com/company/openfunnel/,Active,https://openfunnel.dev
getcho,Getcho,https://www.linkedin.com/company/getcho,Active,https://getcho.app/
candle,Candle,https://www.linkedin.com/company/encore-ai-labs,Active,https://www.trycandle.app/
moonset-health,Moonset Health,https://www.linkedin.com/company/summed-ai/,Active,https://www.moonsethealth.com/
durate,Durate,https://www.linkedin.com/company/docflowsoftware,Active,https://www.durate.com/
crouton,Crouton,https://www.linkedin.com/company/usecrouton-com,Active,https://usecrouton.com/
streamable,Streamable,https://linkedin.com/company/streamablerun,Active,https://streamable.run
symphony,Symphony,https://www.linkedin.com/company/talk-to-symphony/,Active,https://getsymphony.co
telli,telli,https://www.linkedin.com/company/tellitechnologies/,Active,https://telli.com/
avora,Avora,https://www.linkedin.com/company/avoraai/,Active,https://www.getavora.ai
galini,Galini,https://www.linkedin.com/company/galini-ai/,Active,https://www.galini.ai/
riveter,Riveter,https://www.linkedin.com/company/riveter-hq/,Active,https://www.riveterhq.com/
variant,Variant,https://www.linkedin.com/company/variantui/,Active,https://variant.com/
outerport,Outerport,https://www.linkedin.com/company/outerport,Active,https://outerport.com
dreamrp,DreamRP,https://www.linkedin.com/company/dreamrp,Active,https://www.dreamrp.com/
conductor,Conductor,https://www.linkedin.com/company/meltylabs,Active,https://conductor.build/
syntra,Syntra,https://www.linkedin.com/company/104475652/,Active,https://www.syntra.com/
pathpilot,PathPilot,https://www.linkedin.com/company/getpathpilot,Active,https://www.getpathpilot.com/
bits-to-atoms,Bits to Atoms,https://www.linkedin.com/company/bits-to-atoms-incorporated/,Active,https://bitstoatoms.com/
simcare,SimCare,https://www.linkedin.com/company/simcareyc,Active,https://simcare.ai
merlin-ai,Merlin AI,https://www.linkedin.com/company/merlin-ai-co/,Active,https://www.merlinai.co/
arva-ai,Arva AI,https://www.linkedin.com/company/arva-ai/,Active,https://www.arva.ai/
affil-ai,Affil.ai,https://www.linkedin.com/company/affilai,Active,https://affil.ai/
orgorg,OrgOrg,https://www.linkedin.com/company/93273339,Active,https://orgorg.com/
patched,Patched,https://www.linkedin.com/company/patched-codes,Active,https://patched.codes
village-labs,Village Labs,https://www.linkedin.com/company/village-labs-coops,Active,https://villagelabs.app/
mica-ai,Mica AI,https://www.linkedin.com/company/mica-ai,Active,https://usemica.com/
formula-insight,Formula Insight,https://www.linkedin.com/company/formula-insight/,Active,https://www.formulainsight.io/
overlap,Overlap,https://www.linkedin.com/company/joinoverlap,Active,https://www.overlap.ai/
capitol-ai,Capitol AI,https://www.linkedin.com/company/capitolai/,Active,https://www.capitol.ai/
void,Void,https://linkedin.com/company/voideditor,Active,https://useglass.ai
anglera,Anglera,https://www.linkedin.com/company/anglera/,Active,https://www.anglera.com/
xtraffic,XTraffic,https://www.linkedin.com/company/91163444/,Active,https://xtraffic.com/
browseros,BrowserOS,https://www.linkedin.com/company/felafax/,Active,https://browseros.com/
henry-2,Henry,https://www.linkedin.com/company/henry-ai/?viewAsMember=true,Active,http://www.henry.ai/
ficra,Ficra,https://www.linkedin.com/company/ficra-ai-yc-s24/,Active,https://ficra.ai/
rowboat-labs,Rowboat Labs,https://www.linkedin.com/company/rowboat-labs/,Active,https://www.rowboatlabs.com/
pipeshift,Pipeshift,https://linkedin.com/company/pipeshift,Active,https://pipeshift.com/
vera-health,Vera Health,https://www.linkedin.com/company/vera-health-ai/,Active,https://www.vera-health.ai/
pharos,Pharos,https://www.linkedin.com/company/104694129,Active,https://pharos.health/
et-al,et al.,http://linkedin.com/company/et-al-app/,Active,https://www.et-al.io/
keet,Keet,https://www.linkedin.com/company/keetapi/,Active,https://trykeet.com
no-logo,No Logo,https://www.linkedin.com/company/useterra,Active,https://nologo.com/
diode-computers-inc,"Diode Computers, Inc.",https://www.linkedin.com/company/diode-inc/,Active,https://diode.computer/
surebright,SureBright,https://www.linkedin.com/company/surebright/,Active,https://surebright.com/
usul,Usul,https://www.linkedin.com/company/usulmafia,Active,https://www.usul.com
saldor,Saldor,https://www.linkedin.com/company/saldor,Active,https://saldor.com/
bucket-robotics,Bucket Robotics,https://www.linkedin.com/company/bucketrobotics/,Active,https://bucket.bot/
oway,Oway,https://www.linkedin.com/company/oway/,Active,https://www.shipoway.com/
elayne,Elayne,https://www.linkedin.com/company/meetelayne,Active,https://www.elayne.com/
blaze-2,Blaze,https://www.linkedin.com/company/useblazeapp,Active,https://blaze.money/
pap,pap!,https://www.linkedin.com/company/joinpap/,Active,https://joinpap.com/
rentflow,RentFlow,https://www.linkedin.com/company/therentflow/,Active,https://www.therentflow.com/
tradeflow,TradeFlow,https://www.linkedin.com/company/tradeflowai/,Active,https://www.tradeflowai.com/
voker,Voker,https://www.linkedin.com/company/voker-ai/,Active,https://voker.ai/
rastro,Rastro,https://www.linkedin.com/company/101692605,Active,https://rastro.ai/
typa,Typa,https://linkedin.com/company/typadotai,Active,https://typa.ai
moreta,Moreta,https://www.linkedin.com/company/moretapay,Active,https://moretapay.com/
orca-launcher,Orca Launcher,https://www.linkedin.com/company/111232079/admin/dashboard/,Active,https://orcalauncher.com/
assembly-hoa,Assembly HOA,https://www.linkedin.com/company/assemblyhoa/,Active,https://assemblyhoa.com/
autarc,autarc,https://www.linkedin.com/company/autarc-energy/,Active,https://www.autarc.energy/global
omnidock,omnidock,https://www.linkedin.com/company/omnidock-ycs24,Active,https://www.omnidock.com/
polymet,Polymet,https://www.linkedin.com/company/polymet-ai/,Active,https://polymet.ai/
kontigo,Kontigo,https://www.linkedin.com/company/kontigolatam/?viewAsMember=true,Active,https://kontigo.lat/
weel,Weel,https://www.linkedin.com/company/weel-inc/,Active,https://weel.live/
entropy,Entropy,https://www.linkedin.com/company/entropyhealth/,Active,https://www.withentropy.ai/
propaya,Propaya,https://www.linkedin.com/company/propaya/,Active,https://www.propaya.com/
vendra,Vendra,https://www.linkedin.com/company/vendra-hq/,Active,https://vendra-marketplace.io/
argil,Argil,https://www.linkedin.com/company/argilai,Active,https://www.argil.ai/
zeropath,ZeroPath,https://www.linkedin.com/company/zeropathai,Active,https://zeropath.com/
bluedoor,bluedoor,https://www.linkedin.com/company/bluedoor-ai,Active,https://bluedoor.sh/
starcloud,Starcloud,https://www.linkedin.com/company/starcloudinc,Active,https://www.starcloud.com/
dataleap,Dataleap,https://www.linkedin.com/company/dataleap-inc/,Active,https://dataleap.ai/
handled,Handled,https://www.linkedin.com/company/itshandledai,Active,https://www.itshandled.ai
ionworks,Ionworks,https://www.linkedin.com/company/ionworks-technologies/,Active,https://ionworks.com/
rescript,Rescript,https://www.linkedin.com/company/rescript-ai,Active,https://rescript.ai/
heroui,HeroUI,https://www.linkedin.com/company/heroui,Active,https://heroui.com
helium,Helium,https://www.linkedin.com/company/uplikehelium,Active,https://tryhelium.com/
ai-2,&AI,https://www.linkedin.com/company/and-ai/,Active,https://www.tryandai.com/
haystackeditor,Haystack,https://www.linkedin.com/company/104745614,Active,https://haystackeditor.com/
finosu,Finosu,https://www.linkedin.com/company/finosu/,Active,https://www.finosu.com/
odo,Odo,https://www.linkedin.com/company/odolabs/,Active,https://useodo.com/
baseline-ai,Baseline AI,https://www.linkedin.com/company/baseline-trials/,Active,https://www.baselinetrials.com/
cartage,Cartage,https://www.linkedin.com/company/cartage-ai,Active,https://cartage.ai
paasa,Paasa,https://www.linkedin.com/company/paasa,Active,https://paasa.com
refactor,Refactor,https://www.linkedin.com/company/refactor-company,Active,https://refactor.co/
lilac-labs,Lilac Labs,https://www.linkedin.com/company/ai-lilac-labs/,Active,https://www.drive-thru.ai/
palmier,Palmier,https://www.linkedin.com/company/palmier-io,Active,https://www.palmier.io/
simple-ai,Simple AI,https://www.linkedin.com/company/simple-ai-lab/,Active,https://www.usesimple.ai/
sensei,Sensei,https://www.linkedin.com/company/sensei-robotics,Active,https://senseirobotics.com
guardian-rf,Guardian RF,https://www.linkedin.com/company/guardian-rf,Active,https://guardianrf.com/
laminar,Laminar,https://www.linkedin.com/company/lmnr-ai/,Active,https://laminar.sh/
cerulion,Cerulion,https://www.linkedin.com/company/cerulion,Active,https://www.cerulion.com
presti-ai,Presti AI,https://www.linkedin.com/company/presti-ai/,Active,https://www.presti.ai/
the-forecasting-company,The Forecasting Company,https://www.linkedin.com/company/104348230/,Active,https://www.theforecastingcompany.com/
praxos,Praxos,https://www.linkedin.com/company/praxos-intelligence/,Active,https://mypraxos.com
zettascale,Zettascale,https://www.linkedin.com/company/zettascale-computing-corp,Active,https://zscc.ai
schemeflow,SchemeFlow,https://www.linkedin.com/company/schemeflow/,Active,https://www.schemeflow.com/
mineflow,Mineflow,https://www.linkedin.com/company/mineflowai,Active,http://mineflow.ai/
soff,Soff,https://www.linkedin.com/company/soff-ai,Active,https://soff.ai/
parley,Parley,https://www.linkedin.com/company/parley-immigration/,Active,https://parley.so
intryc,Intryc,https://www.linkedin.com/company/intryc/,Active,https://intryc.com/
pinnacle,Pinnacle,https://www.linkedin.com/company/trypinnacle/,Active,https://pinnacle.sh/
ember-robotics,Ember Robotics,https://www.linkedin.com/company/ember-robotics,Active,https://www.emberrobotics.com/
thunder-compute,Thunder Compute,https://www.linkedin.com/company/102863366,Active,https://www.thundercompute.com
kura-ai,Kura AI,https://www.linkedin.com/company/kura-ai,Active,https://trykura.com/
emergent,Emergent,https://www.linkedin.com/company/emergentlabs/,Active,https://emergent.sh
zeit-ai,Zeit AI,https://www.linkedin.com/company/103332732/,Active,https://zeit-ai.com/
distro,Distro,https://www.linkedin.com/company/distro-ai-app,Active,https://distro.app
mage-legal,Mage Legal,https://www.linkedin.com/company/the-mage-legal,Active,https://magelegal.com/
david-ai,David AI,https://www.linkedin.com/company/david-ai/,Active,https://www.withdavid.ai/
beebettor,BeeBettor,https://www.linkedin.com/company/beebettor,Active,https://beebettor.com/
stempad,Stempad,https://www.linkedin.com/company/stempad,Active,https://www.stempad.com/
pax,Pax,https://www.linkedin.com/company/getpaxai,Active,https://paxai.com/
conductor-quantum,Conductor Quantum,https://www.linkedin.com/company/conductorquantum/,Active,https://www.conductorquantum.com
opslane,Opslane,https://www.linkedin.com/company/opslaneinc,Active,https://opslane.com/
winfunc,winfunc,https://www.linkedin.com/company/winfunc,Active,https://winfunc.com/
biocartesian,Biocartesian,https://www.linkedin.com/company/biocartesian,Active,https://www.biocartesian.com/
drillbit,Drillbit,https://www.linkedin.com/company/drillbit-ai,Active,https://www.drillbit.com/
sharpe,Sharpe,https://www.linkedin.com/company/sharpe011235,Active,https://sharpe.sh
dimely,Dimely,https://www.linkedin.com/company/usedimely/,Active,https://dimely.com/
redouble-ai,Redouble AI,https://www.linkedin.com/company/redouble-ai,Active,https://redouble.ai/
planbase,Planbase,https://www.linkedin.com/company/joinplanbase/,Active,https://www.joinplanbase.com/
anara,Anara,https://www.linkedin.com/company/anaralabs/,Active,https://anara.com/
hestus-inc,"Hestus, Inc.",https://www.linkedin.com/company/hestus-inc,Active,https://www.hestus.co/
magicode,MagiCode,https://www.linkedin.com/company/magicode-ai,Active,https://www.magicode.ai/
finny-ai,FINNY AI,https://www.linkedin.com/company/finnyai/,Active,https://www.finny.com/
1849-bio,1849 bio,https://www.linkedin.com/company/1849-bio/,Active,https://www.1849.bio
reactwise,ReactWise,https://www.linkedin.com/company/reactwise,Active,https://www.reactwise.com/
saturn,Saturn,https://www.linkedin.com/company/saturntechnology/,Active,https://www.saturnos.com/
clearly-ai,Clearly AI,https://www.linkedin.com/company/clearly-ai,Active,https://clearly-ai.com
expand-ai,expand.ai,https://www.linkedin.com/company/use-expand-ai/,Active,https://expand.ai/
promi,Promi,https://www.linkedin.com/company/promi-discounts,Active,https://www.usepromi.com/
ontra-mobility,Ontra Mobility,https://www.linkedin.com/company/103812625/,Active,https://www.ontramobility.com/
aluna,Aluna,https://www.linkedin.com/company/alunalabs/,Active,https://alunadata.com/
panora,Panora,https://www.linkedin.com/company/usepanora/,Active,https://getpanora.com
manaflow,Manaflow,https://www.linkedin.com/company/manaflow-ai,Active,https://www.cmux.com/
conveo,Conveo,https://www.linkedin.com/company/conveo-ai/,Active,https://conveo.ai/
creativemode,CreativeMode,https://www.linkedin.com/company/creativemode1,Active,https://creativemode.net
kastle,Kastle,https://www.linkedin.com/company/kastleai/,Active,https://kastle.ai/
kopra-bio,Kopra Bio,https://www.linkedin.com/company/kopra-bio,Active,https://kopra.bio
anthrogen,Anthrogen,https://www.linkedin.com/company/anthrogen/,Active,https://anthrogen.com/
benchify,Benchify,https://www.linkedin.com/company/benchifyinc/,Active,https://www.benchify.com
fazeshift,Fazeshift,https://www.linkedin.com/company/fazeshift/,Active,https://www.fazeshift.com/
taxgpt,TaxGPT,https://www.linkedin.com/company/taxgpt,Active,https://www.taxgpt.com/
substrate,Substrate,https://www.linkedin.com/company/102684967,Active,https://www.substrate.cc/
the-synthesis-company,The Synthesis Company,https://www.linkedin.com/company/synthesisco,Active,https://thesynthesis.company
mito-health,Mito Health,https://sg.linkedin.com/company/mitohealth,Active,https://mitohealth.com/
lighthouz-ai,Lighthouz AI,https://www.linkedin.com/company/lighthouz-ai/,Active,https://lighthouz.ai/
modus,Modus,https://www.linkedin.com/company/himodus/,Active,https://himodus.com/
d_model,d_model,https://www.linkedin.com/company/dmodel/,Active,https://www.dmodel.ai/
ledgerup,LedgerUp,https://www.linkedin.com/company/ledgerup-ai,Active,https://ledgerup.ai/
plume,Plume,https://www.linkedin.com/company/plumefinder,Active,http://www.plumefinder.com
pulse-3,Pulse,https://www.linkedin.com/company/pulse-ai-corp,Active,https://www.runpulse.com/
autopallet-robotics,AutoPallet Robotics,https://www.linkedin.com/company/autopallet-robotics/,Active,https://autopallet.bot/
dench-com,Dench.com,https://www.linkedin.com/company/denchcom,Active,https://dench.com
aminoanalytica,AminoAnalytica,https://www.linkedin.com/company/aminoanalytica/,Active,https://www.aminoanalytica.com/
gauge,Gauge,https://linkedin.com/company/withgauge,Active,https://withgauge.com/
weave-robotics,Weave Robotics,https://www.linkedin.com/company/weave-robotics,Active,https://www.weaverobots.com
tandem-2,Tandem,https://www.linkedin.com/company/tandemspace,Active,https://tandemspace.com/
kenley,Kenley,https://www.linkedin.com/company/kenley/,Active,https://kenley.ai/
tivara,Tivara,https://www.linkedin.com/company/tivara/,Active,https://tivara.com/
camfer,camfer,https://www.linkedin.com/company/camferinc,Active,https://www.camfer.dev/
minusx,MinusX,https://www.linkedin.com/company/minusx-ai,Active,https://minusx.ai
joinlore,Lore,https://www.linkedin.com/company/passageai,Active,https://joinlore.app/
parahelp,Parahelp,https://www.linkedin.com/company/parahelp-ai,Active,https://parahelp.com/
runlocal-ai,RunLocal AI,https://www.linkedin.com/company/runlocalai,Active,https://runlocal.ai/
ares-industries,Ares Industries,https://linkedin.com/company/aresindustries,Active,https://aresindustries.com/
dodo,Dodo,https://www.linkedin.com/company/dodoinc/,Active,https://www.dodo.ai/
elevate-2,Elevate,https://www.linkedin.com/company/elev4te-ai,Active,https://www.useelevate.dev/
offstream,Offstream,https://www.linkedin.com/company/useoffstream,Active,https://www.useoffstream.com/
storia-ai,Storia AI,https://www.linkedin.com/company/storia-ai/,Active,https://storia.ai/
deepsim-inc,"DeepSim, Inc.",https://www.linkedin.com/company/deepsim-inc/,Active,https://www.deepsim.io
scape,Scape,https://www.linkedin.com/company/getscape/,Active,https://scape.app/
proxis,Proxis,https://www.linkedin.com/company/proxis-ai/,Active,https://www.proxis.ai/
rewbi,Rewbi,https://www.linkedin.com/company/rewbi,Active,https://www.rewbi.com/
cloudglue,Cloudglue,https://www.linkedin.com/company/cloudgluedev/,Active,https://cloudglue.dev/
networkocean,NetworkOcean,https://www.linkedin.com/company/networkocean/,Active,https://networkocean.io/
silurian,Silurian,https://www.linkedin.com/company/silurianai,Active,https://silurian.ai/
hyrex,Hyrex,https://www.linkedin.com/company/hyrex-labs,Active,https://www.hyrex.io/
unbound,Unbound,https://www.linkedin.com/company/91353269/,Active,https://getunbound.ai/
retrofix,RetroFix,https://www.linkedin.com/company/retrofix-ai/,Active,https://www.retrofix.ai/
azalea-robotics-corporation,Azalea Robotics Corporation,https://www.linkedin.com/company/azalea-robotics,Active,https://azalearobotics.com/
decisional-ai,Decisional AI,https://www.linkedin.com/company/decisional-ai/,Active,https://www.decisional.com/
stardrift,Stardrift,https://www.linkedin.com/company/108396119,Active,https://stardrift.ai/
ideate-xyz,ideate.xyz,https://www.linkedin.com/company/ideatexyz,Active,https://ideate.xyz
firstwork,FirstWork,https://www.linkedin.com/company/firstworkhr/,Active,https://firstwork.com/
sorcerer,Sorcerer,https://www.linkedin.com/company/sorcerercorp,Active,https://sorcerer.earth
wordware,Wordware,https://www.linkedin.com/company/wordware/,Active,https://wordware.ai/
maitai,Maitai,https://www.linkedin.com/company/maitai-inc/,Active,https://trymaitai.com/
corgi-insurance,Corgi Insurance,https://www.linkedin.com/company/corgiinsurance,Active,https://corgi.com/
phonely,Phonely,https://www.linkedin.com/company/phonely-ai/,Active,https://phonely.ai/
videogen,VideoGen,https://www.linkedin.com/company/videogen,Active,https://videogen.io/
sagecare,Sage Care,https://www.linkedin.com/company/sagecare-ai,Active,https://sagecare.ai/
stack-auth,Stack Auth,https://www.linkedin.com/company/102201169,Active,https://stack-auth.com/
tabula,Tabula,https://www.linkedin.com/company/tabula-accounting,Active,https://www.tabula.de/
callback,Callback,https://www.linkedin.com/company/callback-ai/,Active,https://getcallback.ai/
bayesline,Bayesline,https://www.linkedin.com/company/bayesline,Active,https://bayesline.com
digitalcarbon,DigitalCarbon,https://www.linkedin.com/company/digitalcarbonai,Active,https://www.digitalcarbon.ai
unsloth-ai,Unsloth AI,https://www.linkedin.com/company/unsloth/,Active,https://unsloth.ai/
codes-health,Codes Health,https://www.linkedin.com/company/codes-health,Active,https://www.codeshealth.com/
entangl,Entangl,https://www.linkedin.com/company/entangl,Active,https://www.entangl.com/
mdhub,mdhub,https://www.linkedin.com/company/mdhub-ai,Active,https://www.mdhub.ai/
hamming-ai,Hamming AI,https://www.linkedin.com/company/hamming-ai/,Active,https://hamming.ai/
prohostai,ProhostAI,https://www.linkedin.com/company/prohostai,Active,https://www.prohost.ai/
educato,Educato,https://www.linkedin.com/company/educato-ai/,Active,https://www.educato.com/
spaceium-inc,Spaceium Inc,https://www.linkedin.com/company/spaceium-inc,Active,https://spaceium.com/
comfy-deploy,Comfy Deploy,https://www.linkedin.com/company/comfy-deploy,Active,https://comfydeploy.com
synnax,Synnax,https://www.linkedin.com/company/synnaxlabs/,Active,https://www.synnaxlabs.com/
theseus,Theseus,https://www.linkedin.com/company/theseustech/,Active,https://theseus.us/
saphira-ai,Saphira AI,https://linkedin.com/company/saphira-ai,Active,https://saphira.ai
glasskube,Glasskube,https://www.linkedin.com/company/glasskube/,Active,https://distr.sh/
mem0,Mem0,https://www.linkedin.com/company/mem0,Active,https://mem0.ai/
cheers,Cheers,https://www.linkedin.com/company/cheers-software/,Active,https://www.cheers.tech/
understood-care,Understood Care,https://www.linkedin.com/company/understood-care,Active,https://understoodcare.com/
doublezero,Doublezero,https://www.linkedin.com/company/doublezero-tech,Active,https://doublezero.tech
superunit,Superunit,https://www.linkedin.com/company/superunit-ai,Active,http://superunit.com
undermind,Undermind,https://www.linkedin.com/company/undermind-ai,Active,https://www.undermind.ai
domu-technology-inc,Domu Technology Inc.,https://www.linkedin.com/company/domu-ai/,Active,https://www.domu.ai/
apten,Apten,https://www.linkedin.com/company/apten,Active,https://www.apten.ai/
spherecast,Spherecast,https://www.linkedin.com/company/spherecast-ai/,Active,https://www.spherecast.ai/
miru-ml,Miru,https://www.linkedin.com/company/miruml,Active,https://www.mirurobotics.com/
roger-2,Roger,https://www.linkedin.com/company/augmentbiz/,Active,https://hireroger.com/
ultra,Ultra,https://www.linkedin.com/company/ultraroboticsco,Active,https://ultra.tech/
angstrom-ai,Ångström AI,https://www.linkedin.com/company/angstrom-ai/,Active,https://www.angstrom-ai.com/
coval,Coval,https://www.linkedin.com/company/covaldev,Active,https://coval.dev
spur,Spur,https://www.linkedin.com/company/spur-test/,Active,https://www.spurtest.com/
ligo-biosciences,Ligo Biosciences,https://www.linkedin.com/company/ligo-biosciences/about/?viewAsMember=true,Active,https://www.ligo.bio/
acx,ACX,https://www.linkedin.com/company/acxtherapeutics/,Active,https://www.acxtherapeutics.com/
fuse-2,Fuse,https://www.linkedin.com/company/fuseinsight/,Active,http://www.fuseinsight.com/
simplex,Simplex,https://www.linkedin.com/company/usesimplex,Active,https://simplex.sh
poka-labs,Poka Labs,https://www.linkedin.com/company/pokalabs/,Active,https://www.pokalabs.com/
indemni,Indemni,https://www.linkedin.com/company/100487698/admin,Active,http://www.indemni.com/
parcelbio,ParcelBio,https://www.linkedin.com/company/parcelbio,Active,https://parcelbio.com/
k-scale-labs,K-Scale Labs,https://www.linkedin.com/company/kscale/,Active,https://kscale.dev/
marr-labs,Marr Labs,https://www.linkedin.com/company/marrlabs,Active,https://www.marrlabs.com/
forge-rewards,Forge Rewards,https://linkedin.com/company/forgerewards,Active,https://www.joinforge.app/
dropback,Dropback,https://www.linkedin.com/company/dropback-hq,Active,https://www.dropback.com
retailready,RetailReady,https://www.linkedin.com/company/retailreadyai/,Active,https://www.retailreadyai.com/
million,Million,https://www.linkedin.com/company/millionco,Active,https://million.dev/
getcrux,GetCrux,https://www.linkedin.com/company/getcruxai/,Active,http://getcrux.ai/
reprompt,Reprompt,https://www.linkedin.com/company/99389319/,Active,https://repromptai.com/
inspectmind-ai,InspectMind AI,https://www.linkedin.com/company/inspectmind-ai,Active,https://www.inspectmind.ai/
yarn-2,Yarn,https://www.linkedin.com/company/yarn-so,Active,https://www.yarn.so
blacksmith,Blacksmith,https://www.linkedin.com/company/blacksmithrun/,Active,https://blacksmith.sh/
crowdvolt,CrowdVolt,https://www.linkedin.com/company/crowdvolt/,Active,https://crowdvolt.com/
kater-ai,kater.ai,https://www.linkedin.com/company/kater-ai/?viewAsMember=true,Active,https://www.kater.ai/
mathos,Mathos,https://www.linkedin.com/company/mathgptpro,Active,https://info.mathos.ai/
tower,Tower,https://www.linkedin.com/company/tower-software-labs/,Active,https://withtower.com/
quivr,Quivr,https://www.linkedin.com/company/getquivr/,Active,https://www.quivr.app/
dragoneye,Dragoneye,https://www.linkedin.com/company/dragoneyeai,Active,https://dragoneye.ai/
renderlet,renderlet,https://www.linkedin.com/company/renderlet,Active,http://renderlet.com/
the-new-money-company,The New Money Company,https://www.linkedin.com/company/newmoneycompany,Active,https://newmoneycompany.com/
forge,Forge,https://www.linkedin.com/company/forgehq/,Active,https://www.forgehq.com/
integuru,Integuru,https://www.linkedin.com/company/integuru-ai/,Active,https://www.integuru.com
voxops-ai,VoxOps AI,https://www.linkedin.com/company/voxopsai/,Active,https://www.voxopsai.com/
granza-bio,Granza Bio,https://www.linkedin.com/company/granza-bio-yc-w24/,Active,https://www.granzabio.com/
haplotype-labs,Haplotype Labs,https://www.linkedin.com/company/haplotype-labs/,Active,https://www.haplotypelabs.com/
healia,Healia,https://www.linkedin.com/company/healia-health,Active,https://www.healiahealth.com/
trueclaim,TrueClaim,https://www.linkedin.com/company/trytrueclaim,Active,https://www.trytrueclaim.com
cocrafter,CoCrafter,https://www.linkedin.com/company/cocrafter/,Active,https://cocrafter.com/
reform,Reform,https://www.linkedin.com/company/reformhq,Active,https://www.reformhq.com
piramidal,Piramidal,https://www.linkedin.com/company/piramidalai/about,Active,https://piramidal.ai
oddsview,OddsView,https://www.linkedin.com/company/oddsview,Active,https://oddsview.com
silogy,Silogy,https://www.linkedin.com/company/100808053/,Active,https://silogy.io
senso,Senso,https://www.linkedin.com/company/senso.ai/,Active,http://www.senso.ai/
eris-biotech,Eris Biotech,https://www.linkedin.com/company/eris-biotech/about/,Active,http://www.erisbio.com/
powder,Powder,https://www.linkedin.com/company/powderfinance/,Active,https://www.powderfi.com/
openfoundry,OpenFoundry,https://www.linkedin.com/company/openfoundry/,Active,https://www.openfoundry.ai/
polar,Polar,https://www.linkedin.com/company/polarfihq,Active,https://www.polarfi.com
penciled,Penciled,https://www.linkedin.com/company/76534709,Active,https://penciled.com/
magic-hour,Magic Hour,https://www.linkedin.com/company/magichour,Active,https://magichour.ai
ryse,Ryse,https://www.linkedin.com/company/ryse-market/,Active,https://www.rysemarket.com/
datacurve,Datacurve,https://www.linkedin.com/company/datacurveai,Active,https://datacurve.ai/
commodityai,CommodityAI,https://www.linkedin.com/company/commodityai,Active,https://commodityai.io/
veles,Veles,https://www.linkedin.com/company/velesinc,Active,http://www.getveles.com/
miden,Miden,https://www.linkedin.com/company/tyrus-technologies/,Active,http://www.miden.co/
fluently,Fluently,https://linkedin.com/company/fluently-ai,Active,https://getfluently.app/
basepilot,Basepilot,https://www.linkedin.com/company/basepilot/,Active,https://www.basepilot.com/
aqua-voice,Aqua Voice,https://www.linkedin.com/company/aqua-voice,Active,https://aquavoice.com
xpay,xPay,https://www.linkedin.com/company/xpay-checkout/?viewAsMember=true,Active,https://www.xpaycheckout.com/
vista-power,Vista Power,https://linkedin.com/company/vista-power,Active,https://vistapower.com
adapted,Adapted,https://linkedin.com/company/adaptedhealth,Active,https://adapted.app
ocular-ai,Ocular AI,https://www.linkedin.com/company/use-ocular,Active,https://useocular.com/
retell-ai,Retell AI,https://www.linkedin.com/company/98828489,Active,https://retellai.com/
rove,Rove,https://www.linkedin.com/company/rovecard/,Active,https://rove.com/
camelai,camelAI,https://www.linkedin.com/company/usecamelAI,Active,https://camelai.com/
spark,Spark,https://www.linkedin.com/company/sparkhqai/,Active,https://www.sparkhq.ai/
downlink,Downlink,https://www.linkedin.com/company/downlink/,Active,https://downlink.dev/
terrakotta,Terrakotta,https://www.linkedin.com/company/terrakotta-ai/about/,Active,https://www.terrakotta.ai/
stacksync,Stacksync,https://www.linkedin.com/company/stacksyncdata/,Active,https://www.stacksync.com/
hatchet-run,Hatchet,https://www.linkedin.com/company/hatchet-run,Active,https://hatchet.run/
sonauto,Sonauto,https://www.linkedin.com/company/sonautoai/,Active,https://sonauto.ai/
bitesight,BiteSight,https://www.linkedin.com/company/bitesight-food-delivery/about/,Active,http://bitesight.com/
velorum-therapeutics,Velorum Therapeutics,https://www.linkedin.com/company/velorumtx/,Active,https://www.velorumtx.com/
zep-ai,Zep AI,https://www.linkedin.com/company/zep-ai/,Active,https://www.getzep.com/
openmart,Openmart,https://linkedin.com/company/openmartai,Active,https://www.openmart.com
triply,Triply,https://www.linkedin.com/company/tripitaca/,Active,https://business.triply.co/
deep24,Deep24,https://www.linkedin.com/company/ultra-advisor,Active,https://deep24.com
alai,Alai,https://www.linkedin.com/company/getalai,Active,https://getalai.com/
lumetric,Lumetric,https://www.linkedin.com/company/lumetricai,Active,https://www.lumetric.ai
brainbase-labs,Brainbase Labs,https://www.linkedin.com/company/usebrainbase,Active,https://brainbaselabs.com
focal,Focal,https://www.linkedin.com/company/focalml/,Active,https://focalml.com/
givefront,Givefront,https://www.linkedin.com/company/givehq,Active,https://givefront.com/
cleva,Cleva,https://www.linkedin.com/company/cleva-banking/,Active,https://www.getcleva.com/
oma-care,Oma Care,https://www.linkedin.com/company/oma-care1/,Active,https://www.omacare.com/
artos,Artos,https://www.linkedin.com/company/99344183/admin/feed/posts/,Active,https://www.artosai.com/
betterbasket,BetterBasket,https://www.linkedin.com/company/98110558,Active,http://www.betterbasket.com
circleback,Circleback,https://linkedin.com/company/circlebackai,Active,https://circleback.ai
justai,JustAI,https://www.linkedin.com/company/getjustai,Active,https://getjust.ai
risotto,Risotto,https://www.linkedin.com/company/tryrisotto/,Active,https://tryrisotto.com/
diana,Diana,https://www.linkedin.com/company/getdiana/,Active,https://getdiana.com/
yondu,Yondu,https://www.linkedin.com/company/yonduai/,Active,https://yondu.ai/
raindrop,Raindrop,https://www.linkedin.com/company/raindrop-ai,Active,https://www.raindrop.ai
floatingpoint,floatingpoint,https://www.linkedin.com/company/floatingpoint-ai,Active,https://floatingpoint.ai
centauri-ai,Centauri AI,https://www.linkedin.com/company/101369147/,Active,https://centauri-ai.tech/
prosights,ProSights,https://www.linkedin.com/company/prosightsdata/,Active,https://prosights.co/
manifold-freight,Manifold Freight,https://www.linkedin.com/company/manifold-freight/,Active,https://www.manifoldfreight.com/
edgetrace,EdgeTrace,https://linkedin.com/company/edgetrace,Active,https://edgetrace.ai/
clarum,Clarum,https://www.linkedin.com/company/clarum-ai,Active,https://clarum.ai
opencall,Opencall,https://www.linkedin.com/company/opencall-ai/?viewAsMember=true,Active,https://opencall.ai/
voicepanel,Voicepanel,https://www.linkedin.com/company/voicepanel,Active,https://voicepanel.com
offdeal,OffDeal,https://www.linkedin.com/company/offdeal/,Active,https://offdeal.io
andy-ai,Andy AI,http://linkedin.com/company/with-andy,Active,https://with-andy.com
hazel-2,Hazel,https://www.linkedin.com/company/hazel-ai,Active,https://hazelai.com/
shiboleth,Shiboleth,https://www.linkedin.com/company/shiboleth/about/,Active,https://www.shiboleth.ai/
aftercare,Aftercare,https://www.linkedin.com/company/getaftercare/,Active,https://getaftercare.com
soundry-ai,Soundry AI,https://www.linkedin.com/company/soundry-ai/,Active,https://soundry.ai/
elodin,Elodin,https://www.linkedin.com/company/elodin-systems-inc,Active,https://elodin.systems/
conduit-ai,Conduit,https://www.linkedin.com/company/useconduitai,Active,https://conduit.ai/?utm_source=referral&utm_medium=organic&utm_campaign=ycombinator
whip,Whip,https://www.linkedin.com/company/joinwhip/,Active,https://whip.run/
toma,Toma,https://www.linkedin.com/company/tomavoice/,Active,http://www.toma.com/
carma,Carma,https://www.linkedin.com/company/carma-com,Active,https://www.joincarma.com/
preloop,Preloop,https://www.linkedin.com/company/preloop/,Active,https://www.preloop.com/
superagent,Superagent,https://www.linkedin.com/company/superagent-sh/,Active,https://superagent.sh/
bilanc,Bilanc,https://www.linkedin.com/company/bilanc,Active,https://www.bilanc.co
sevnai,SevnAI,https://www.linkedin.com/company/pyspur/,Active,https://sevn.ai/
astro-mechanica,Astro Mechanica,https://www.linkedin.com/company/astro-mechanica/,Active,https://astromecha.co/
codeant-ai,CodeAnt AI,https://www.linkedin.com/company/codeant-ai,Active,https://codeant.ai/
draftaid,Draftaid,https://www.linkedin.com/company/draftaid,Active,https://draftaid.io/
metofico,Metofico,https://www.linkedin.com/company/31390857/admin/inbox/,Active,https://metofico.com/
ellipsis,Ellipsis,https://www.linkedin.com/company/ellipsis-dev/,Active,https://ellipsis.dev/
dime-2,Dime,https://www.linkedin.com/company/dime-health,Active,https://www.dimehealth.ai/
solari-ai,Solari AI,https://www.linkedin.com/company/solari-ai,Active,https://www.usesolari.ai/
pazi,Pazi,https://www.linkedin.com/company/pazi-agi,Active,https://pazi.ai/
open,Open,https://www.linkedin.com/company/opencopilot,Active,https://open.cx/
salvy,Salvy,https://www.linkedin.com/company/use-salvy,Active,https://www.salvy.com.br
centralize,Centralize,https://www.linkedin.com/company/usecentralize,Active,https://www.usecentralize.com/
firebender,Firebender,https://www.linkedin.com/company/firebender-com/,Active,https://firebender.com/
aether,Aether,https://www.linkedin.com/company/aether,Active,https://www.tryaether.co/
parallel,Parallel,https://www.linkedin.com/company/beparallel/,Active,https://www.beparallel.com/?utm_source=ycombinator&utm_medium=directory
vibrant-labs,Vibrant Labs,https://www.linkedin.com/company/vibrant-labs-ai,Active,https://vibrantlabs.com/
sync-2,sync.,https://www.linkedin.com/company/synclabs-ai/,Active,https://sync.so/
pandasai,PandasAI,https://www.linkedin.com/company/pandasai/,Active,https://pandas-ai.com/
infinity,Infinity,https://www.linkedin.com/company/infinityinvest/,Active,https://www.infinityapp.in/
inquery-2,InQuery,https://www.linkedin.com/company/inquery-data/?viewAsMember=true,Active,https://www.inquery.ai/
14-ai,14.ai,https://www.linkedin.com/company/14ai/,Active,https://14.ai/
tamarind-bio,Tamarind Bio,https://www.linkedin.com/company/tamarind-bio/,Active,https://www.tamarind.bio/
clarion,Clarion,https://www.linkedin.com/company/clarionhealthai/,Active,https://clarionhealth.com/
consul,Consul,https://www.linkedin.com/company/onconsul/,Active,https://onconsul.com/
cpgscout,Scout,https://www.linkedin.com/company/99366646,Active,https://cpgscout.ai/
decipher-ai,Decipher AI,https://www.linkedin.com/company/decipher-ai/,Active,https://getdecipher.com/
lemonslice,LemonSlice,https://www.linkedin.com/company/lemonslice,Active,https://www.lemonslice.com/
guide-labs,Guide Labs,https://www.linkedin.com/company/guide-labs,Active,https://www.guidelabs.ai/
omniai,OmniAI,https://www.linkedin.com/company/getomni-ai/,Active,https://getomni.ai/
respan,Respan,https://www.linkedin.com/company/respan-ai,Active,https://respan.ai
promptarmor,PromptArmor,https://www.linkedin.com/company/promptarmor,Active,https://promptarmor.com/
zaymo,Zaymo,https://www.linkedin.com/company/zaymo,Active,https://zaymo.com/
meticulate,Meticulate,https://www.linkedin.com/company/meticulate/,Active,https://meticulate.ai/
cloudcruise,CloudCruise,https://www.linkedin.com/company/cloudcruise,Active,https://cloudcruise.com/
lucite,Lucite,https://linkedin.com/company/lucitetechnologysolutions/about/,Active,https://www.lucite.ai/
onegrep,OneGrep,https://www.linkedin.com/company/onegrep,Active,https://www.onegrep.dev
tusk,Tusk,https://www.linkedin.com/company/usetusk,Active,https://usetusk.ai/
partnerhq,PartnerHQ,https://www.linkedin.com/company/trypartnerhq/,Active,https://trypartnerhq.com/
atopile,atopile,https://www.linkedin.com/company/99142194/,Active,http://atopile.io/
copper-health,Copper Health,https://www.linkedin.com/company/copperhealth/,Active,https://www.copperhealth.co/
synsorybio,SynsoryBio,https://www.linkedin.com/company/synsorybio/,Active,https://www.synsorybio.com/
yoneda-labs,Yoneda Labs,https://www.linkedin.com/company/YonedaLabs,Active,https://www.yonedalabs.com
topo,Topo,https://www.linkedin.com/company/topo-sales,Active,https://www.topo.io/
trellis-ai,Trellis AI,https://www.linkedin.com/company/runtrellis,Active,https://runtrellis.com/
ecliptor,Ecliptor,https://www.linkedin.com/company/99437744/,Active,https://ecliptor.ai/
greenboard,Greenboard,https://www.linkedin.com/company/greenboard-compliance/,Active,https://www.greenboard.com/
eggnog,Eggnog,https://www.linkedin.com/company/eggnogai,Active,https://www.eggnog.ai/
artisan,Artisan,https://www.linkedin.com/company/artisanai/,Active,https://artisan.co/?utm_source=ycombinator
octolane-ai,Octolane AI,https://www.linkedin.com/company/99134096,Active,https://www.octolane.com
suretynow,SuretyNow,https://www.linkedin.com/company/withsuretynow,Active,https://suretynow.com/
roe,ROE,https://www.linkedin.com/company/roe-ai,Active,https://getroe.ai
furtherai,FurtherAI,https://www.linkedin.com/company/furtherai/,Active,https://www.furtherai.com/
arini,Arini,https://www.linkedin.com/company/ariniai,Active,https://www.arini.ai
paradigm,Paradigm,https://www.linkedin.com/company/tryparadigm/,Active,https://www.paradigmai.com/
pointone,PointOne,https://www.linkedin.com/company/pointoneai,Active,https://pointone.com/
averyiq,AveryIQ,https://www.linkedin.com/company/averyiq,Active,https://averyiq.com/
wavelength,Wavelength,https://www.linkedin.com/company/wavelengthcx/,Active,https://wavelength.cx/
mathdash,MathDash,https://www.linkedin.com/company/102834223/admin/feed/posts/,Active,https://mathdash.com/
leaping,Leaping,https://www.linkedin.com/company/leapinglabs,Active,https://www.leaping.io/
basalt,Basalt,https://www.linkedin.com/company/101564456/,Active,https://basalt.space/
carousel-technologies,Carousel Technologies,https://www.linkedin.com/company/carousel-tech/,Active,https://usecarousel.com/
agentic-labs-2,Agentic Labs,https://www.linkedin.com/company/agentic-labs/,Active,https://agenticlabs.com/
pivot-robotics,Pivot Robotics,https://www.linkedin.com/company/pivot-robots/,Active,https://pivotrobotics.com/
aidy,Aidy,https://www.linkedin.com/company/aidyhq/about/,Active,https://www.aidyhq.com/
garage-2,Garage,https://www.linkedin.com/company/withgarage/,Active,https://www.shopgarage.com/
argon-ai-inc,"Argon AI, Inc.",https://www.linkedin.com/company/argon-ai/about/?viewAsMember=true,Active,https://www.argon-ai.com/
ncompass-technologies,nCompass Technologies,https://linkedin.com/company/ncompass-technologies,Active,https://www.ncompass.tech/
pretzel-ai,Pretzel AI,https://www.linkedin.com/company/pretzel-ai,Active,https://withpretzel.com
alex-com,Alex,https://www.linkedin.com/company/hire-alex/,Active,https://alex.com/
malibou,malibou,https://www.linkedin.com/company/malibou-hr/,Active,https://www.malibou.co/
newton,Newton,https://www.linkedin.com/company/newton,Active,https://joinnewton.com
saga-ai,Saga AI,https://www.linkedin.com/company/102820110/,Active,https://usesaga.ai/
tuesday-labs,Tuesday Labs,https://www.linkedin.com/company/tuesdaylabs/,Active,https://www.tuesdaylabs.com/
momentic,Momentic,https://www.linkedin.com/company/momentic-ai,Active,https://momentic.ai
reducto,Reducto,https://www.linkedin.com/company/reducto-ai/,Active,https://reducto.ai/
andon-labs,Andon Labs,https://www.linkedin.com/company/andonlabs/,Active,https://andonlabs.com/
maia,Maia,https://linkedin.com/company/ourmaia,Active,https://www.ourmaia.com/
nuanced,Nuanced,https://www.linkedin.com/company/nuanced-inc,Active,https://www.nuanced.dev/
tracecat,Tracecat,https://www.linkedin.com/company/tracecathq,Active,https://tracecat.com/
kabilah,Kabilah,https://www.linkedin.com/company/kabilah/,Active,https://www.kabilah.com/
sonia,Sonia,https://www.linkedin.com/company/sonia-health/,Active,https://soniahealth.com/
tekton-dynamics,Tekton Dynamics,https://www.linkedin.com/company/maihem/,Active,https://www.tekton-dynamics.com/
ion-design,ion design,https://www.linkedin.com/company/ion-dot-design,Active,https://www.ion.design/
duckie,Duckie,https://www.linkedin.com/company/duckie-ai/,Active,https://duckie.ai/
ubicloud,Ubicloud,https://www.linkedin.com/company/ubicloud,Active,https://www.ubicloud.com
greptile,Greptile,https://linkedin.com/company/greptile,Active,https://www.greptile.com/
cora,Cora,https://www.linkedin.com/company/coracoach,Active,https://www.corahealth.app/download
ego,ego,https://www.linkedin.com/company/egolive/,Active,https://egoai.com/
legora,Legora,https://www.linkedin.com/company/leyalaw/,Active,https://www.legora.com/
scritch,Scritch,https://www.linkedin.com/company/100475282,Active,https://www.scritchai.com/
relari,Relari,https://www.linkedin.com/company/relari,Active,https://www.relari.ai/
drymerge,DryMerge,https://www.linkedin.com/company/98894763/,Active,https://www.drymerge.com/
navier-ai,Navier AI,https://www.linkedin.com/company/navier-ai/about/,Active,http://navier.ai/
upsolve-ai,Upsolve AI,https://www.linkedin.com/company/upsolveai/,Active,https://upsolve.ai/
gumloop,Gumloop,https://www.linkedin.com/company/gumloop/,Active,https://www.gumloop.com/
driver,Driver,https://www.linkedin.com/company/driver-ai,Active,https://www.driver.ai/
yenmo,Yenmo,https://www.linkedin.com/company/yenmo-in/,Active,https://yenmo.in/
governgpt,GovernGPT,https://www.linkedin.com/company/93647085/,Active,https://www.governgpt.com/
